boundary_prob,change_prob,env,model,seed,step16_entity,step16_entity_tf,step16_latent,step16_spatial,step1_entity,step1_latent,step1_spatial,step4_entity,step4_entity_tf,step4_latent,step4_spatial,step8_entity,step8_entity_tf,step8_latent,step8_spatial,traj
0.0,0.0,world_a,persistence,0,0.00688589783385396,,0.00089376384858042,0.0202958844602108,0.01673411950469017,0.0034096455201506615,0.012683444656431675,0.01679612323641777,,0.0034427139908075333,0.014556884765625,0.00688589783385396,,0.00089376384858042,0.0202958844602108,0
0.0,0.0,world_a,persistence,0,5.166997652850114e-06,,6.61375634081196e-06,0.0067087807692587376,5.166997652850114e-06,6.61375634081196e-06,0.006344265304505825,5.166997652850114e-06,,6.61375634081196e-06,0.006739298813045025,5.166997652850114e-06,,6.61375634081196e-06,0.0078125,1
0.0,0.0,world_a,persistence,0,0.0004908647970296443,,0.0006475969566963613,0.0330674909055233,1.0334004400647245e-05,9.18582190934103e-06,0.013378567062318325,6.717097130604088e-05,,4.133601760258898e-05,0.01933797262609005,0.00013950893480796367,,0.0001148222727351822,0.0258229561150074,2
0.0,0.0,world_b,persistence,0,0.003913086839020252,,0.010516082867980003,0.02880859375,5.166998744243756e-05,8.267203520517796e-05,0.008083343505859375,0.007631888147443533,,0.006487711798399687,0.014556884765625,0.007983244024217129,,0.007532684598118067,0.020137786865234375,0
0.0,0.0,world_b,persistence,0,0.024259263649582863,,0.010421394370496273,0.023868560791015625,1.0333997124689631e-05,9.185781891574152e-06,0.00902557373046875,0.016670875251293182,,0.002893265802413225,0.01857757568359375,0.020818199962377548,,0.0042424388229846954,0.0222320556640625,1
0.0,0.0,world_b,persistence,0,0.010382735170423985,,0.07433362305164337,0.02342987060546875,5.1669949243660085e-06,1.8371563783148304e-05,0.01043701171875,0.004594189114868641,,0.005539574660360813,0.01352691650390625,0.004656192846596241,,0.006090720649808645,0.019794464111328125,2
0.5306116342544556,0.5110942721366882,world_a,random,0,0.1813153326511383,0.10120731592178345,1.5029232501983643,0.14073240756988525,0.10020680725574493,0.006106437183916569,0.12908822298049927,0.10315056145191193,0.0999278724193573,0.08128687739372253,0.13057950139045715,0.11676738411188126,0.10119687765836716,0.3229644298553467,0.13309888541698456,0
0.5305211544036865,0.5110223889350891,world_a,random,0,0.17859940230846405,0.09815241396427155,1.503814697265625,0.14013084769248962,0.09846843034029007,0.006160130258649588,0.13000896573066711,0.10140466690063477,0.09814591705799103,0.08156267553567886,0.13169249892234802,0.1137499287724495,0.09815259277820587,0.32397428154945374,0.13430967926979065,1
0.5306209325790405,0.5112223625183105,world_a,random,0,0.17927296459674835,0.10016674548387527,1.5060722827911377,0.13685140013694763,0.10135553032159805,0.0061783259734511375,0.13160493969917297,0.10421145707368851,0.10139783471822739,0.08178327232599258,0.1316428929567337,0.11623943597078323,0.10128314048051834,0.3246561288833618,0.13079187273979187,2
0.5307444334030151,0.5114519000053406,world_b,random,0,0.17664669454097748,0.09798247367143631,1.5064866542816162,0.13647276163101196,0.09991609305143356,0.006162071600556374,0.1272781640291214,0.1047765463590622,0.10177470743656158,0.08167657256126404,0.1287384033203125,0.11711692810058594,0.1017274409532547,0.3247894048690796,0.13138100504875183,0
0.5308064818382263,0.5112127661705017,world_b,random,0,0.17573702335357666,0.09611161798238754,1.5077874660491943,0.1361243724822998,0.1031072810292244,0.006008307449519634,0.12711800634860992,0.10471077263355255,0.10167459398508072,0.08133701235055923,0.1277281790971756,0.11355259269475937,0.09875758737325668,0.32331132888793945,0.12969201803207397,1
0.5306050777435303,0.5112460851669312,world_b,random,0,0.17119167745113373,0.09160640090703964,1.5066719055175781,0.1343003213405609,0.0974496528506279,0.006092832423746586,0.12571990489959717,0.09739487618207932,0.09432432055473328,0.08166865259408951,0.12689366936683655,0.1092948466539383,0.09414182603359222,0.3241504430770874,0.12798947095870972,2
,,world_a,phase0,0,0.11793465912342072,0.08012621849775314,0.7470865845680237,0.4124709963798523,0.08408614248037338,0.0032355438452214003,0.1033877432346344,0.08791555464267731,0.0852278545498848,0.05416880548000336,0.14261527359485626,0.08956214040517807,0.08008550852537155,0.20050397515296936,0.20676442980766296,0
,,world_a,phase0,0,0.13243602216243744,0.08568915724754333,0.7592458724975586,0.4501938819885254,0.08479043841362,0.0026967355515807867,0.10810476541519165,0.08927091211080551,0.08567921817302704,0.055799540132284164,0.15219110250473022,0.0988541692495346,0.08568978309631348,0.20780324935913086,0.2287324070930481,1
,,world_a,phase0,0,0.11106943339109421,0.07651989907026291,0.7266706228256226,0.4014245569705963,0.07558988779783249,0.002805163851007819,0.1018059253692627,0.07749361544847488,0.07596749067306519,0.05190899223089218,0.1416683793067932,0.08373533934354782,0.076128751039505,0.200002521276474,0.2055104523897171,2
,,world_b,phase0,0,0.13161800801753998,0.08470100164413452,0.7567979693412781,0.40613624453544617,0.08334872871637344,0.0022622407414019108,0.1014849841594696,0.08325392752885818,0.08078350871801376,0.05456780642271042,0.14105451107025146,0.09119803458452225,0.0810430720448494,0.20493271946907043,0.21865636110305786,0
,,world_b,phase0,0,0.13738813996315002,0.08684071898460388,0.7579383254051208,0.4164222478866577,0.08356665074825287,0.002596738049760461,0.10208792239427567,0.08297436684370041,0.08068743348121643,0.056569211184978485,0.13654494285583496,0.09588956832885742,0.08357244729995728,0.20761804282665253,0.20936889946460724,1
,,world_b,phase0,0,0.15867501497268677,0.09666379541158676,0.7296438217163086,0.41719797253608704,0.09003443270921707,0.0028564988169819117,0.10241963714361191,0.09993276000022888,0.09576510637998581,0.048928745090961456,0.14485794305801392,0.11310724914073944,0.09567635506391525,0.19398987293243408,0.2163514345884323,2
0.0,0.0,world_a,persistence,1,0.00992643367499113,,0.008953217417001724,0.0713772252202034,5.1669949243660085e-06,6.613744517380837e-06,0.007648043800145388,4.133596667088568e-05,,5.29099561390467e-05,0.02210489846765995,0.016883961856365204,,0.0038726083002984524,0.040557861328125,0
0.0,0.0,world_a,persistence,1,0.015392103232443333,,0.0471881665289402,0.03036329336464405,1.033399166772142e-05,9.185781891574152e-06,0.01197306253015995,5.166996561456472e-05,,9.185781891574152e-06,0.01819695346057415,0.0098095228895545,,0.004648750647902489,0.0264383964240551,1
0.0,0.0,world_a,persistence,1,0.015869978815317154,,0.014771021902561188,0.0435892753303051,1.033399166772142e-05,4.133595939492807e-05,0.0132785364985466,0.015745971351861954,,0.013640069402754307,0.02283732034265995,0.015745971351861954,,0.013964143581688404,0.027679443359375,2
0.0,0.0,world_b,persistence,1,0.006183889228850603,,0.021777020767331123,0.029449462890625,5.166998562344816e-06,4.1335988498758525e-05,0.005756378173828125,0.005832533352077007,,0.01714739017188549,0.014598846435546875,0.005910038016736507,,0.018543628975749016,0.02274322509765625,0
0.0,0.0,world_b,persistence,1,0.015431435778737068,,0.008198828436434269,0.034626007080078125,0.018686208873987198,0.003702909452840686,0.006866455078125,0.018624205142259598,,0.003698316402733326,0.0150909423828125,0.018660373985767365,,0.004006040282547474,0.02407073974609375,1
0.0,0.0,world_b,persistence,1,0.005052520427852869,,0.016414055600762367,0.02764129638671875,0.0053560491651296616,0.002294600708410144,0.009738922119140625,0.019318226724863052,,0.005615788046270609,0.016937255859375,0.01435411162674427,,0.010914584621787071,0.020313262939453125,2
0.4974411129951477,0.475154846906662,world_a,random,1,0.2855282425880432,0.10220414400100708,2.6493313312530518,0.12458501756191254,0.1008891835808754,0.008830102160573006,0.12699171900749207,0.10740423202514648,0.10035919398069382,0.10338707268238068,0.12464018166065216,0.13304436206817627,0.10222237557172775,0.45547789335250854,0.12581229209899902,0
0.4974973797798157,0.4749639332294464,world_a,random,1,0.2775310277938843,0.09419631958007812,2.638716459274292,0.13320133090019226,0.10061318427324295,0.008673029951751232,0.12785190343856812,0.10735777765512466,0.10037011653184891,0.10336411744356155,0.1280713975429535,0.12899909913539886,0.09786024689674377,0.4552537202835083,0.125783771276474,1
0.49741390347480774,0.4753245711326599,world_a,random,1,0.2847002446651459,0.10086123645305634,2.650087833404541,0.13480594754219055,0.09919898957014084,0.00870994571596384,0.12699846923351288,0.107503741979599,0.10048766434192657,0.10320749878883362,0.12801361083984375,0.13155527412891388,0.10056557506322861,0.45606759190559387,0.12737397849559784,2
0.4974760413169861,0.4750693738460541,world_b,random,1,0.2801194489002228,0.0977669209241867,2.6477551460266113,0.12949687242507935,0.09292703866958618,0.00866102334111929,0.12319681793451309,0.10399682074785233,0.09724751114845276,0.10294744372367859,0.12272942811250687,0.12773698568344116,0.09738101810216904,0.4560949206352234,0.12221957743167877,0
0.49749940633773804,0.4750765860080719,world_b,random,1,0.28643056750297546,0.10198050737380981,2.6444060802459717,0.12980791926383972,0.1044275313615799,0.008954908698797226,0.1256062239408493,0.11149466037750244,0.10434972494840622,0.10348200798034668,0.12568223476409912,0.13581490516662598,0.10449740290641785,0.45549654960632324,0.12480820715427399,1
0.49734798073768616,0.4752041697502136,world_b,random,1,0.2845829725265503,0.10066647827625275,2.6456053256988525,0.13174253702163696,0.10793349891901016,0.008810069411993027,0.12414468824863434,0.11241336166858673,0.10538553446531296,0.10331632941961288,0.12535899877548218,0.1357034146785736,0.10441896319389343,0.455099493265152,0.12528231739997864,2
,,world_a,phase0,1,0.35195192694664,0.0818822830915451,1.0692436695098877,0.6515285968780518,0.09142426401376724,0.005873355083167553,0.04858193174004555,0.1159665510058403,0.0904005765914917,0.07466183602809906,0.09338520467281342,0.1480759233236313,0.07808040827512741,0.29077351093292236,0.20209012925624847,0
,,world_a,phase0,1,0.404391884803772,0.09304263442754745,1.0446254014968872,0.5635148286819458,0.078079953789711,0.005843187682330608,0.03921206668019295,0.09567033499479294,0.07751305401325226,0.07441624999046326,0.07116258144378662,0.1695985645055771,0.08585328608751297,0.28260499238967896,0.18340006470680237,1
,,world_a,phase0,1,0.3911385238170624,0.09097535908222198,1.068183183670044,0.5938307046890259,0.08741963654756546,0.005991593934595585,0.04081989824771881,0.11752147227525711,0.09134621173143387,0.07659727334976196,0.06941233575344086,0.1798001527786255,0.09103984385728836,0.2898849844932556,0.1786385476589203,2
,,world_b,phase0,1,0.42797479033470154,0.09850341081619263,1.0699987411499023,0.6180956363677979,0.10374805331230164,0.005976680666208267,0.04574368894100189,0.130696639418602,0.09815822541713715,0.07620695233345032,0.0806315466761589,0.2009708285331726,0.09818267822265625,0.2904181182384491,0.1988946944475174,0
,,world_b,phase0,1,0.3697259724140167,0.08508006483316422,1.0819904804229736,0.6074542999267578,0.08080170303583145,0.006502472795546055,0.04151126742362976,0.09858274459838867,0.07984748482704163,0.07743354141712189,0.0714779645204544,0.15091609954833984,0.07970508933067322,0.2928858995437622,0.19326569139957428,1
,,world_b,phase0,1,0.3787063956260681,0.08774029463529587,1.0674424171447754,0.6314555406570435,0.08539406955242157,0.006133900955319405,0.05587087944149971,0.11029931902885437,0.08814794570207596,0.07692476361989975,0.0928809866309166,0.17347930371761322,0.09072402864694595,0.28848689794540405,0.20885905623435974,2
0.0,0.0,world_a,persistence,2,0.016387932002544403,,0.0035037072375416756,0.03044637106359005,0.016589442268013954,0.003462371416389942,0.00707329623401165,0.016491269692778587,,0.0034706387668848038,0.01566907949745655,0.016367262229323387,,0.00341185019351542,0.02607727237045765,0
0.0,0.0,world_a,persistence,2,0.014383440837264061,,0.01773476041853428,0.0537923164665699,0.005272925831377506,0.00511196069419384,0.01353963278234005,0.009925881400704384,,0.01119158510118723,0.0267554372549057,0.01413542591035366,,0.01662364974617958,0.0408833809196949,1
0.0,0.0,world_a,persistence,2,0.020287930965423584,,0.004969680681824684,0.0422922745347023,1.0334000762668438e-05,0.0,0.01320563443005085,9.300595411332324e-05,,4.592886762111448e-05,0.02849833108484745,0.01727665401995182,,0.0040658763609826565,0.0381232388317585,2
0.0,0.0,world_b,persistence,2,0.010438327677547932,,0.014089023694396019,0.020679473876953125,1.0334000762668438e-05,2.0668037905124947e-05,0.011066436767578125,0.004818985238671303,,0.003957612439990044,0.018482208251953125,0.010438327677547932,,0.014089023694396019,0.0203704833984375,0
0.0,0.0,world_b,persistence,2,0.03207596018910408,,0.0476342998445034,0.028820037841796875,1.5500991139560938e-05,1.0206442311755382e-05,0.008007049560546875,0.021454917266964912,,0.008618594147264957,0.0204925537109375,0.025850092992186546,,0.02078874781727791,0.025775909423828125,1
0.0,0.0,world_b,persistence,2,0.018609805032610893,,0.013826394453644753,0.039508819580078125,0.02186758443713188,0.017044246196746826,0.007801055908203125,0.02559056133031845,,0.012351774610579014,0.013690948486328125,0.0313531830906868,,0.013219788670539856,0.02664947509765625,2
0.4653466045856476,0.5214334726333618,world_a,random,2,0.18810991942882538,0.09929157793521881,1.582770586013794,0.1417960822582245,0.09928837418556213,0.004302878864109516,0.14444103837013245,0.10346633195877075,0.09920256584882736,0.07430188357830048,0.14237366616725922,0.11724343150854111,0.09908024966716766,0.3120482563972473,0.14106978476047516,0
0.4653002619743347,0.5217639207839966,world_a,random,2,0.1863379329442978,0.09857437759637833,1.5877749919891357,0.13189712166786194,0.09583399444818497,0.004293843172490597,0.13819971680641174,0.10131999850273132,0.09749923646450043,0.07462340593338013,0.13352930545806885,0.11628387123346329,0.09872111678123474,0.31404250860214233,0.13302385807037354,1
0.465114563703537,0.5217965245246887,world_a,random,2,0.18474452197551727,0.09748581796884537,1.5780761241912842,0.13399359583854675,0.10004184395074844,0.004369499161839485,0.14033783972263336,0.10451462119817734,0.10024198144674301,0.07434742152690887,0.1354914903640747,0.11616663634777069,0.09893309324979782,0.3121687173843384,0.13187266886234283,2
0.46541425585746765,0.5216711163520813,world_b,random,2,0.18398413062095642,0.09752049297094345,1.584005355834961,0.13432438671588898,0.09879112243652344,0.004388703964650631,0.13726381957530975,0.10451672226190567,0.1004692018032074,0.07459897547960281,0.13506107032299042,0.11440866440534592,0.09751714020967484,0.31322580575942993,0.13323691487312317,0
0.4655909538269043,0.5214890837669373,world_b,random,2,0.18577496707439423,0.09562408179044724,1.5708656311035156,0.1312553584575653,0.11152860522270203,0.004298267420381308,0.13718435168266296,0.10620667040348053,0.10206826776266098,0.07325418293476105,0.1326339840888977,0.11842157691717148,0.09990644454956055,0.30945247411727905,0.1312006115913391,1
0.46553197503089905,0.5217001438140869,world_b,random,2,0.18782593309879303,0.09845878928899765,1.584181547164917,0.1332741379737854,0.0998980924487114,0.004406329710036516,0.13517048954963684,0.10543998330831528,0.1011774018406868,0.07467500865459442,0.13570992648601532,0.11838967353105545,0.1002562865614891,0.3124538064002991,0.13362115621566772,2
,,world_a,phase0,2,0.1651630997657776,0.0787840262055397,0.6783746480941772,0.562208890914917,0.07850373536348343,0.0027588019147515297,0.04748550057411194,0.08433975279331207,0.07855023443698883,0.04274093359708786,0.08892840147018433,0.1005968376994133,0.07860717922449112,0.17077064514160156,0.1913154125213623,0
,,world_a,phase0,2,0.19454897940158844,0.09121087193489075,0.6757903099060059,0.6682482957839966,0.09696962684392929,0.002775872591882944,0.05268619954586029,0.10546998679637909,0.0953993946313858,0.04230756685137749,0.10859060287475586,0.12064926326274872,0.09122789651155472,0.16856709122657776,0.23955297470092773,1
,,world_a,phase0,2,0.20548199117183685,0.09348908066749573,0.6892201900482178,0.6184760332107544,0.07904169708490372,0.0029791719280183315,0.052704788744449615,0.08502432703971863,0.07902521640062332,0.043718550354242325,0.11004489660263062,0.12281666696071625,0.09150855988264084,0.174234539270401,0.2407362163066864,2
,,world_b,phase0,2,0.20518702268600464,0.09400488436222076,0.6847977638244629,0.5150829553604126,0.08588031679391861,0.002949000569060445,0.048455700278282166,0.09012197703123093,0.08334413170814514,0.043372735381126404,0.07927428930997849,0.1273660659790039,0.09400776773691177,0.173821359872818,0.17000141739845276,0
,,world_b,phase0,2,0.22562040388584137,0.09952034801244736,0.6954795122146606,0.654403567314148,0.10082186013460159,0.0028991377912461758,0.06946269422769547,0.10467342287302017,0.09379205852746964,0.04745667427778244,0.12585291266441345,0.13109244406223297,0.09520517289638519,0.18151018023490906,0.250236451625824,1
,,world_b,phase0,2,0.17987975478172302,0.08524671941995621,0.6727517247200012,0.564669668674469,0.09083069860935211,0.002737852744758129,0.05033578723669052,0.09396371245384216,0.0869980901479721,0.041916750371456146,0.08270347118377686,0.1168927252292633,0.09022978693246841,0.16583189368247986,0.18630270659923553,2
5.649483658665133e-10,2.4310503610180945e-10,world_a,phase1,0,0.08086559921503067,0.07978571206331253,0.1087055653333664,0.198356494307518,0.0890050157904625,0.00043042300967499614,0.14548292756080627,0.0887172594666481,0.0890832170844078,0.0068283360451459885,0.1421624720096588,0.0796685591340065,0.07975298166275024,0.02723534032702446,0.147921621799469,0
3.8257541579156396e-10,1.6163581584294207e-10,world_a,phase1,0,0.09223480522632599,0.09081090241670609,0.10836884379386902,0.20419193804264069,0.09081985801458359,0.00041831290582194924,0.15050433576107025,0.09047634154558182,0.09081227332353592,0.0067811403423547745,0.14733506739139557,0.0905512273311615,0.0908118188381195,0.027090275660157204,0.1558588147163391,1
6.251357209663411e-10,2.69904931737841e-10,world_a,phase1,0,0.07584009319543839,0.07453009486198425,0.10850732028484344,0.19071513414382935,0.07397828996181488,0.00041863357182592154,0.13738854229450226,0.07401623576879501,0.07400178909301758,0.006776095367968082,0.1351528912782669,0.0742347463965416,0.07410985976457596,0.027107208967208862,0.14208325743675232,2
5.275860859299542e-10,2.261087844734888e-10,world_b,phase1,0,0.08842411637306213,0.08667495101690292,0.10870194435119629,0.18072879314422607,0.08607552200555801,0.0004169508465565741,0.14090657234191895,0.08059631288051605,0.08054449409246445,0.0067487433552742004,0.13572755455970764,0.08105769753456116,0.08082541823387146,0.027044173330068588,0.14642301201820374,0
6.769417804086686e-10,2.936990928237293e-10,world_b,phase1,0,0.09104984998703003,0.08907746523618698,0.1092725396156311,0.19419464468955994,0.08370491117238998,0.00042010535253211856,0.14321021735668182,0.08024446666240692,0.08029596507549286,0.006842439994215965,0.13556762039661407,0.08482152968645096,0.08477146178483963,0.02734922058880329,0.14574946463108063,1
5.019026860786369e-10,2.1523620385988096e-10,world_b,phase1,0,0.10502314567565918,0.10230409353971481,0.10912369936704636,0.17877578735351562,0.09730902314186096,0.00041946108103729784,0.14224837720394135,0.10048174113035202,0.10100602358579636,0.0068703931756317616,0.13725775480270386,0.10075776278972626,0.10095862299203873,0.027279788628220558,0.14189884066581726,2
2.702109895835747e-07,1.2996594023206853e-07,world_a,phase1,1,0.08454307168722153,0.08062795549631119,0.08749544620513916,0.10471175611019135,0.08959975838661194,0.0003861208097077906,0.06036645174026489,0.08997263014316559,0.08966441452503204,0.0060587539337575436,0.06453321874141693,0.07789765298366547,0.07733847200870514,0.023677945137023926,0.06118125468492508,0
2.4921388330767513e-07,1.1938772104258533e-07,world_a,phase1,1,0.09734015166759491,0.09086114913225174,0.08454688638448715,0.08313560485839844,0.07636405527591705,0.00039340066723525524,0.05032256245613098,0.07648471742868423,0.07656246423721313,0.006119546480476856,0.05230026692152023,0.08636949211359024,0.08505162596702576,0.022771991789340973,0.05933765694499016,1
3.403102368793043e-07,1.654550771945651e-07,world_a,phase1,1,0.09610914438962936,0.09089034050703049,0.08862997591495514,0.12112012505531311,0.08514388650655746,0.00038628873880952597,0.050788428634405136,0.09052111953496933,0.090214803814888,0.006574826315045357,0.05385095626115799,0.09181203693151474,0.09051423519849777,0.024160126224160194,0.06807810068130493,2
3.357429818606761e-07,1.6296733917897654e-07,world_b,phase1,1,0.1030762568116188,0.09650489687919617,0.087890625,0.11344599723815918,0.09979068487882614,0.0003910377563443035,0.052630770951509476,0.09624642878770828,0.09592968225479126,0.006333891302347183,0.05216929689049721,0.09796544909477234,0.09603452682495117,0.023733530193567276,0.06492887437343597,0
2.757309971457289e-07,1.326243790344961e-07,world_b,phase1,1,0.0896478071808815,0.08543044328689575,0.08936457335948944,0.10791565477848053,0.07833564281463623,0.0005412083119153976,0.04931480810046196,0.07847237586975098,0.07849844545125961,0.006590306293219328,0.04978146404027939,0.07912943512201309,0.07884401828050613,0.024370739236474037,0.06563329696655273,1
2.9392273859230045e-07,1.4195134667716047e-07,world_b,phase1,1,0.09194206446409225,0.08669795840978622,0.08775113523006439,0.12512853741645813,0.08337400108575821,0.0004670757334679365,0.06518788635730743,0.08687589317560196,0.08709568530321121,0.006494931410998106,0.07047872245311737,0.09078133851289749,0.08972237259149551,0.0235526654869318,0.08154137432575226,2
2.2400090529117733e-06,1.1385740208424977e-06,world_a,phase1,2,0.08295011520385742,0.077361561357975,0.13886696100234985,0.08339914679527283,0.07733184099197388,0.000700554926879704,0.047188762575387955,0.07835428416728973,0.07721041887998581,0.00896572694182396,0.05400568246841431,0.07961419969797134,0.07720360159873962,0.03393060714006424,0.0601852610707283,0
9.65635172178736e-06,5.412361588241765e-06,world_a,phase1,2,0.09172903746366501,0.08783788979053497,0.15212281048297882,0.13125112652778625,0.090147465467453,0.000756980269216001,0.04749180004000664,0.08894148468971252,0.08988332003355026,0.010186659172177315,0.059535786509513855,0.0875295102596283,0.08725739270448685,0.03689557686448097,0.08153721690177917,1
5.865073035238311e-06,3.1825352380110417e-06,world_a,phase1,2,0.09415500611066818,0.0889589786529541,0.15082789957523346,0.12178249657154083,0.07884835451841354,0.0007071733707562089,0.051636070013046265,0.0801771804690361,0.07847066968679428,0.010470448061823845,0.07134297490119934,0.08811330050230026,0.08759459853172302,0.037584029138088226,0.09189628064632416,2
1.276927378057735e-06,6.255746711758547e-07,world_b,phase1,2,0.09203237295150757,0.09038025885820389,0.1347627341747284,0.06992603093385696,0.08346065133810043,0.0008156396797858179,0.04744325578212738,0.08226588368415833,0.08209844678640366,0.008967151865363121,0.049167536199092865,0.08870212733745575,0.09031016379594803,0.03322679549455643,0.05261010676622391,0
6.23063840521354e-07,2.921588020399213e-07,world_b,phase1,2,0.09863497316837311,0.09373683482408524,0.13828785717487335,0.12306198477745056,0.0978420153260231,0.0007294720271602273,0.06337844580411911,0.09082789719104767,0.09054460376501083,0.009322832338511944,0.07741890847682953,0.09242969751358032,0.0914452001452446,0.03451371192932129,0.0917285829782486,1
4.4820531002187636e-06,2.387157110206317e-06,world_b,phase1,2,0.087911456823349,0.08291015028953552,0.14414167404174805,0.09615717828273773,0.08778690546751022,0.0005861116223968565,0.04518701881170273,0.0854106992483139,0.08510830253362656,0.00834608357399702,0.048099584877491,0.08844215422868729,0.08748678117990494,0.0346703939139843,0.06073276698589325,2
